Name,Latitude,Longitude,Cuisine,Area,Rating,Reviews,Price,Address,GoogleMapsURL
เดอะ คอฟฟี่ คลับ - ริเวอร์ ซิตี้,13.730143,100.5132981,Cafe,สัมพันธวงศ์,4.7,5533,฿฿,"ชั้นที่ 1, โซน outdoor, 23 Soi Chareonkrung 22, Khwaeng Talat Noi, Khet Samphanthawong, Krung Thep Maha Nakhon 10100, Thailand",https://www.google.com/maps/place/?q=place_id:ChIJbfMAByKZ4jAR0dHPpg-HH4Y
ThaiWan-Thai灣 Coffee&tea socialspace,13.7258607,100.60347259999999,Cafe,Watthana,4.9,3064,฿฿,"85 Soi Pridi Banomyong 26, Khwaeng Khlong Tan Nuea, Watthana, Krung Thep Maha Nakhon 10110, Thailand",https://www.google.com/maps/place/?q=place_id:ChIJkTJmvEef4jAR4nvfCeeQzds
ฮงเซียงกง,13.7347953,100.5115915,Cafe,Yaowarat,4.4,4097,฿฿,"734, 736 Soi Wanit 2, Khwaeng Talat Noi, Khet Samphanthawong, Krung Thep Maha Nakhon 10100, Thailand",https://www.google.com/maps/place/?q=place_id:ChIJ580MFqCZ4jARh5fpv9GvfSs
Sarnies Bangkok,13.721055600000001,100.5147629,Cafe,Bang Rak,4.5,3718,฿฿,"101, 103 Soi Charoen Krung 44, Khwaeng Bang Rak, Khet Bang Rak, Krung Thep Maha Nakhon 10500, Thailand",https://www.google.com/maps/place/?q=place_id:ChIJUXT3NL6Z4jARwh3cJq_bkog
Factory Coffee - Bangkok,13.7569298,100.53461399999999,Cafe,Ratchathewi,4.4,3945,฿฿,"49 Phaya Thai Rd, Khwaeng Thanon Phaya Thai, Khet Ratchathewi, Krung Thep Maha Nakhon 10400, Thailand",https://www.google.com/maps/place/?q=place_id:ChIJA-r3h7ae4jARcgEibgLyJyc
RISE COFFEE - Flagship Store,13.7419119,100.5486868,Cafe,ปทุมวัน,4.9,2236,฿,"888 อาคารมหาทุนพลาซ่า ชั้น 1 ยูนิต 1, Thanon Phloen Chit, Khwaeng Lumphini, Pathum Wan, Krung Thep Maha Nakhon 10330, Thailand",https://www.google.com/maps/place/?q=place_id:ChIJG52xQk-f4jARNARZ-n73gCg
Roast theCOMMONS Thonglor,13.7350544,100.58226839999999,Cafe,Thonglor,4.5,2814,฿฿,"The COMMONS, 335 ชั้น 3 Soi Thong Lo 17, Khwaeng Khlong Tan Nuea, Watthana, Krung Thep Maha Nakhon 10110, Thailand",https://www.google.com/maps/place/?q=place_id:ChIJicwRRFOe4jARAcJ7qJDLIe8
นานา คอฟฟี่ โรสเตอร์ อารีย์,13.7826347,100.54198,Cafe,Phaya Thai,4.4,2929,฿฿,"24, 2 Soi Ari 4, Khwaeng Samsen Nai, Khet Phaya Thai, Krung Thep Maha Nakhon 10400, Thailand",https://www.google.com/maps/place/?q=place_id:ChIJl0zcc1ud4jAR6LEHnouPOEo
Tokizen farm & cafe,13.7745628,100.4636077,Matcha Cafe,Bangkok Noi,4.8,1965,฿฿,"57, แขวงบางขุนนนท์ เขตบางกอกน้อย กรุงเทพมหานคร 10700, Thailand",https://www.google.com/maps/place/?q=place_id:ChIJ98Gc1oaZ4jARQU8HIm1lhV8
BABYCCINO,13.730295799999999,100.59172319999999,Cafe,Ekkamai,4.4,2349,฿฿,"53 Soi Ekkamai 12, Khwaeng Khlong Tan Nuea, Watthana, Krung Thep Maha Nakhon 10110, Thailand",https://www.google.com/maps/place/?q=place_id:ChIJq7RA0bef4jAR3WVdmzBvdM8
ไรส์ คอฟฟี่ - สาขาทองหล่อ,13.7286875,100.5813125,Cafe,Watthana,4.8,1445,฿,"PHHJ+FGV, Khlong Tan Nuea, Watthana, Bangkok 10110, Thailand",https://www.google.com/maps/place/?q=place_id:ChIJv4MdhRif4jARfuebyhUAYjM
Lazebkk,13.7891563,100.550535,Cafe,Phaya Thai,4.9,1327,฿฿,"59 61 Thanon Sutthisan Winitchai, Khwaeng Samsen Nai, Khet Phaya Thai, Krung Thep Maha Nakhon 10400, Thailand",https://www.google.com/maps/place/?q=place_id:ChIJMSqHmMGd4jAR-hACgiuiQ0A
bartels sathorn sourdough sandwiches coffee juicery สาทร sathorn,13.7203042,100.5379742,Cafe,Sathorn,4.6,1622,฿฿,"167, 4-6 Soi Sathon 3, Khwaeng Thung Maha Mek, Khet Sathon, Krung Thep Maha Nakhon 10120, Thailand",https://www.google.com/maps/place/?q=place_id:ChIJ8XTMPAKf4jARRYdW8leszPU
Sunset Coffee Roaster - Charoenkrung Sunset เจริญกรุง,13.7361226,100.5136797,Cafe,สัมพันธวงศ์,4.8,1370,฿,"741 ถ. เจริญกรุง Khwaeng Talat Noi, Khet Samphanthawong, Krung Thep Maha Nakhon 10100, Thailand",https://www.google.com/maps/place/?q=place_id:ChIJe9Lg_cSZ4jARXoPQLhnKMO4
Beans Coffee Roaster Emsphere,13.732032,100.566257,Cafe,Khlong Toei,4.9,1243,฿,"Emsphere, G floor, Sukhumvit Rd, Khwaeng Khlong Tan, Khet Khlong Toei, Krung Thep Maha Nakhon 10110, Thailand",https://www.google.com/maps/place/?q=place_id:ChIJMR3GkkSf4jARO7BMe_8-X5Q
Ron Ron Slow Bar,13.706796299999999,100.50743209999999,Cafe,Bang Kho Laem,4.9,1222,฿฿,"2074, 11 Soi Charoen Krung 72/2, Khwaeng Wat Phraya Krai, Khet Bang Kho Laem, Krung Thep Maha Nakhon 10120, Thailand",https://www.google.com/maps/place/?q=place_id:ChIJMflhdJmf4jAR2AaBJgzYTxs
มาเธอร์ โรสเตอร์,13.7329909,100.5123218,Cafe,Yaowarat,4.4,1738,฿,"1172 Soi Chareonkrung 22, Khwaeng Talat Noi, Khet Samphanthawong, Krung Thep Maha Nakhon 10100, Thailand",https://www.google.com/maps/place/?q=place_id:ChIJ1bQYQayZ4jARpphLAIGHblQ
Davin Cafe,13.821856799999999,100.62726649999999,Matcha Cafe,Bueng Kum,4.6,1464,฿฿,"108 Thanon Khlong Lamchiak, Khwaeng Nawamin, Khet Bueng Kum, Krung Thep Maha Nakhon 10230, Thailand",https://www.google.com/maps/place/?q=place_id:ChIJXXoeHGZjHTER_kL6pnyA2M8
Artis Coffee Bangkok,13.7351277,100.56270239999999,Cafe,Khlong Toei,4.4,1645,฿฿,"390, 20 Soi Sukhumvit 18, Khwaeng Khlong Toei, Khet Khlong Toei, Krung Thep Maha Nakhon 10110, Thailand",https://www.google.com/maps/place/?q=place_id:ChIJj-lzz-Ke4jAREFnwwEkAIB8
เดลี เทียรี,13.7147534,100.4936275,Matcha Cafe,Khlong San,4.9,1060,฿฿,"349 Charoen Nakhon Rd, Khwaeng Bang Lamphu Lang, Khet Khlong San, Krung Thep Maha Nakhon 10600, Thailand",https://www.google.com/maps/place/?q=place_id:ChIJ-z9QfeeZ4jARBEeOqpyZc94
GATTA CAfe (Park Silom) - Specialty Coffee,13.7278606,100.5335331,Cafe,บางรัก,4.9,953,฿,"ชั้น L ปาร์ค, Si Lom Rd, Si Lom, Khet Bang Rak, Krung Thep Maha Nakhon 10500, Thailand",https://www.google.com/maps/place/?q=place_id:ChIJ54yK4R2f4jARqeeHInvT16Y
GOOD CHĀ MATCHA - Slowcombo,13.7343835,100.5270291,Matcha Cafe,ปทุมวัน,5.0,886,฿,"126 ซ. จุฬาลงกรณ์ 50 Khwaeng Wang Mai, Pathum Wan, Krung Thep Maha Nakhon 10330, Thailand",https://www.google.com/maps/place/?q=place_id:ChIJqQlZM3hhHTERD8YKGGv3_-s
Koyo Tearoom - 紅葉 (Japanese tea & Matcha cafe),13.7792648,100.36348900000002,Cafe,Thawi Watthana,4.9,928,฿,"689 Thanon Phutta Monthon Sai 3, Khwaeng Sala Thammasop, Khet Thawi Watthana, Krung Thep Maha Nakhon 10170, Thailand",https://www.google.com/maps/place/?q=place_id:ChIJ-bIqPQCX4jARpzXCf6LGtqA
MoR​ Ministry of Roasters : Sukhumvit​ 101/1​ กระทรวงการ​คั่ว​ ​สุขุมวิท​ 101/1,13.6845211,100.6173131,Cafe,พระโขนง,4.6,1071,฿฿,"1 ถนน สุขุมวิท 101/1 Khwaeng Bang Chak, Khet Phra Khanong, Krung Thep Maha Nakhon 10260, Thailand",https://www.google.com/maps/place/?q=place_id:ChIJ8R-cwqSh4jAR9ErHwpybONA
CHATA,13.7391461,100.51072649999999,Cafe,Yaowarat,4.5,1110,฿฿,"98 Yaowarat Rd, Khwaeng Samphanthawong, Khet Samphanthawong, Krung Thep Maha Nakhon 10100, Thailand",https://www.google.com/maps/place/?q=place_id:ChIJfSGaGiGZ4jARl6xb0Ghk7pQ
โอ๊คแลนด์ คาเฟ่ เอ็กซ์ เรสเทอรองค์,13.7328099,100.4210198,Cafe,Thonglor,4.7,931,฿฿,"132 ถ. ราชมนตรี Khwaeng Khlong Khwang, Khet Phasi Charoen, Krung Thep Maha Nakhon 10160, Thailand",https://www.google.com/maps/place/?q=place_id:ChIJjcHAGWOX4jAR-G1PBJHfw0s
mini ミニ oriental speedbar (Ari soi 1),13.7807658,100.5444692,Matcha Cafe,Phaya Thai,4.8,861,฿,"5, 3 Soi Ari 1, Khwaeng Samsen Nai, Khet Phaya Thai, Krung Thep Maha Nakhon 10400, Thailand",https://www.google.com/maps/place/?q=place_id:ChIJ65zcQTWd4jARWThHFKlMnW8
RISE COFFEE - One Bangkok,13.7267558,100.5456764,Cafe,ปทุมวัน,4.9,771,฿,"ชั้น บี1, The Storeys One Bangkok, Thanon Witthayu, Khwaeng Lumphini, Pathum Wan, Krung Thep Maha Nakhon 10330, Thailand",https://www.google.com/maps/place/?q=place_id:ChIJ931sDQCf4jARTtgGPfel9-8
แกลลอรี่ กาแฟดริป,13.7466938,100.5304323,Cafe,ปทุมวัน,4.6,950,฿,"อาคารหอศิลปวัฒนธรรมแห่งกรุงเทพมหานคร(BACC) 939 Rama I Rd, Khwaeng Wang Mai, Pathum Wan, Krung Thep Maha Nakhon 10330, Thailand",https://www.google.com/maps/place/?q=place_id:ChIJ6e7hT82e4jAR4HgD4RW37Tk
san rafael cafe ซาน ราฟาเอล,13.747168199999999,100.35708460000001,Cafe,Bang Khae,4.4,1098,฿฿,"552 9 Bang Waek Rd, Khwaeng Bang Phai, Khet Bang Khae, Krung Thep Maha Nakhon 10160, Thailand",https://www.google.com/maps/place/?q=place_id:ChIJtag7oziX4jARYz-p-sz8uIM
MONOCHROME,13.7261109,100.5252189,Cafe,Bang Rak,4.9,757,฿,"8 Decho Rd, Khwaeng Suriya Wong, Khet Bang Rak, Krung Thep Maha Nakhon 10500, Thailand",https://www.google.com/maps/place/?q=place_id:ChIJCSnbI6aZ4jARAt7M0fKhhJA
MTCH - Ari,13.7769662,100.5425731,Matcha Cafe,Phaya Thai,4.7,837,฿,"65 Soi Phahon Yothin 5, Phaya Thai, Khet Phaya Thai, Krung Thep Maha Nakhon 10400, Thailand",https://www.google.com/maps/place/?q=place_id:ChIJaabuSnuf4jAR4Xkt2Zc4byE
Kaizen Coffee Ekamai,13.739684299999999,100.5895796,Cafe,Watthana,4.5,965,฿฿,"888 6-7 Thanon Ekkamai, Khwaeng Khlong Tan Nuea, Watthana, Krung Thep Maha Nakhon 10110, Thailand",https://www.google.com/maps/place/?q=place_id:ChIJgQ0MLEye4jARHJXN1f_K5a0
Botanist activity space and more,13.8479818,100.72468119999999,Matcha Cafe,บางชัน,4.6,847,฿,"501 Soi Sam Wa, Khwaeng Bang Chan, บางชัน Krung Thep Maha Nakhon 10510, Thailand",https://www.google.com/maps/place/?q=place_id:ChIJ83abKfJlHTERSGmSAAovq7s
TRUST Cafe and Studio,13.7853473,100.54257410000001,Cafe,Phaya Thai,4.5,899,฿,"23 1 Soi King Chamnan Aksorn, Phaya Thai, Khet Phaya Thai, Krung Thep Maha Nakhon 10400, Thailand",https://www.google.com/maps/place/?q=place_id:ChIJw3m1NVyd4jAR8N2Ol4lmT-4
GATTA CAfe (Siam Square One) - Specialty Coffee,13.7446247,100.53407849999999,Cafe,Pathumwan,4.8,716,฿,"2nd Floor Siam Square One 388 Rama I Rd, Khwaeng Pathum Wan, Pathum Wan, Krung Thep Maha Nakhon 10330, Thailand",https://www.google.com/maps/place/?q=place_id:ChIJ7_4lHf-f4jAR_kytouoZBuA
The Matcha Club (เดอะมัทฉะคลับ) - Specialty Matcha,13.828122299999999,100.6415581,Matcha Cafe,บึงกุ่ม,4.9,629,฿,"432, 1 ซอย นวลจันทร์ 36/1 นวลจันทร์ Khet Bueng Kum, Krung Thep Maha Nakhon 10230, Thailand",https://www.google.com/maps/place/?q=place_id:ChIJxcXHUctjHTERjAAfy-XmFiA
Treasure specialty coffee,13.745025499999999,100.5235735,Cafe,Pathumwan,4.9,619,฿,"MINT TOWER Bantadthong Thanon Phetchaburi, Khwaeng Wang Mai, Pathum Wan, Krung Thep Maha Nakhon 10330, Thailand",https://www.google.com/maps/place/?q=place_id:ChIJ689bj8GZ4jARc6FVUTtV1sk
CLEAR. Matcha bar @Ramkhamhaeng 2,13.657054200000001,100.6778915,Matcha Cafe,Bangna,4.9,613,฿,"โครงการ Primary House บางนา-ตราด51 Krung Thep Maha Nakhon, Amphoe Bang Phli, Chang Wat Samut Prakan 10250, Thailand",https://www.google.com/maps/place/?q=place_id:ChIJORZtsdlfHTERrjzNEn7tK2s
บ้านออพอ (Baan Orpor) Matcha House เข้าทางราชพฤกษ์ซอย 9 เท่านั้น,13.7446539,100.44666900000001,Matcha Cafe,ตลิ่งชัน,4.8,648,฿฿,"25 16 หมู่บ้านอิ่มอัมพร 2 ซ. Khwaeng Bang Chueak Nang, Khet Taling Chan, Krung Thep Maha Nakhon 10170, Thailand",https://www.google.com/maps/place/?q=place_id:ChIJF3DIeyeZ4jARmgQTEcHVphA
Ekkamai Macchiato,13.7130453,100.63350059999999,Cafe,สวนหลวง,4.4,842,฿฿,"296 On Nut 35, แขวง อ่อนนุช, Khet Suan Luang, Krung Thep Maha Nakhon 10250, Thailand",https://www.google.com/maps/place/?q=place_id:ChIJ_eZNlLKf4jARum7JpDAQ4Vo
ตามใจคาเฟ่,13.7734051,100.58975369999999,Matcha Cafe,Huai Khwang,4.5,781,฿฿,"73 Soi Suwan Mani 23, Khwaeng Samsen Nok, Khet Huai Khwang, Krung Thep Maha Nakhon 10310, Thailand",https://www.google.com/maps/place/?q=place_id:ChIJIVw3FmWf4jARZqeVfHY8G1M
"mini ミニ oriental speedbar (The PARQ, 1st floor, Rama4)",13.721133199999999,100.5583482,Matcha Cafe,Khlong Toei,4.9,585,฿,"88 Thanon Ratchadaphisek, Khwaeng Khlong Toei, Khet Khlong Toei, Krung Thep Maha Nakhon 10110, Thailand",https://www.google.com/maps/place/?q=place_id:ChIJlZ5aoPqf4jARbySH2PvelsU
Eggtisan by commonroom x ari,13.7771475,100.5430727,Cafe,Phaya Thai,4.6,719,฿฿,"33 Rajchakru Ave, room 106, ซ. พหลโยธิน 5 แขวงพญาไท เขตพญาไท กรุงเทพมหานคร 10400, Thailand",https://www.google.com/maps/place/?q=place_id:ChIJ_____xuc4jAR9BcrMbnpRag
โรลลิ่ง โรสเตอร์ เอกมัย,13.721576599999999,100.5843164,Cafe,Watthana,4.5,766,฿,"The earth Ekkamai, Khwaeng Khlong Tan Nuea, Watthana, Krung Thep Maha Nakhon 10110, Thailand",https://www.google.com/maps/place/?q=place_id:ChIJmzWD0BGf4jARDkFH4jtko5Q
Ceresia Coffee Roasters,13.7327579,100.5725123,Cafe,Watthana,4.5,752,฿฿,"15, 1 Soi Sukhumvit 41, Khwaeng Khlong Tan Nuea, Watthana, Krung Thep Maha Nakhon 10110, Thailand",https://www.google.com/maps/place/?q=place_id:ChIJv4zDUi6f4jAR766B6qCKqX8
Sanji Matcha Bar - Sukhumvit 70/3,13.665183899999999,100.6026531,Matcha Cafe,Bangna,4.9,529,฿,"Soi Sukhumvit 70/3, Khwaeng Bang Na, Khet Bang Na, Krung Thep Maha Nakhon 10260, Thailand",https://www.google.com/maps/place/?q=place_id:ChIJdZm84VOh4jARj-tmYSmudb0
Kaarom Specialty Coffee - Chatuchak,13.800343699999999,100.5499232,Cafe,Chatuchak,4.7,605,฿,"8อาคาร มิกซ์ จตุจักร ชั้น 1 ห้องเลขที่ 1065, Kamphaeng Phet 3 Rd, Khwaeng Chatuchak, Khet Chatuchak, Krung Thep Maha Nakhon 10900, Thailand",https://www.google.com/maps/place/?q=place_id:ChIJN56GD5ed4jARt_mIl0OgE3c
โคโคปัง,13.7358494,100.52350799999999,Matcha Cafe,วังใหม่,4.7,600,฿,"923, A, Building, Block 28, Room, 118 Soi Chula 8, แขวงวังใหม่ Patumwan, กรุงเทพมหานคร 10330, Thailand",https://www.google.com/maps/place/?q=place_id:ChIJa1F1Pl6Z4jARor9ZWzqy-ig
Blackwood Cafe & Studio,13.710675,100.5118116,Cafe,สาทร,4.8,547,฿฿,"1839, 1841 ถ. เจริญกรุง Khwaeng Yan Nawa, Khet Sathon, Krung Thep Maha Nakhon 10120, Thailand",https://www.google.com/maps/place/?q=place_id:ChIJv7TtebqZ4jARY4KnT5z7dCY
SINGLE LANE Specialty Coffee,13.7156513,100.5925465,Cafe,Watthana,4.8,540,฿,"26/9 Soi Sukhumvit 69, Khwaeng Phra Khanong Nuea, Watthana, Krung Thep Maha Nakhon 10110, Thailand",https://www.google.com/maps/place/?q=place_id:ChIJTUgg-syf4jARx7zIySDsXII
รูทส์ แอท เดอะคอมมอนส์,13.735134799999999,100.5822318,Cafe,Watthana,4.5,665,฿,"theCOMMONS Market Floor 17 Soi Thong Lo, Khwaeng Khlong Tan Nuea, Watthana, Krung Thep Maha Nakhon 10110, Thailand",https://www.google.com/maps/place/?q=place_id:ChIJnRMrCE2e4jARPtUgrY9zXyI
Peace Oriental Teahouse (Velaa/Langsuan),13.737082099999999,100.54291909999999,Cafe,Pathumwan,4.6,605,฿,"87 Lang Suan Rd, Khwaeng Lumphini, Pathum Wan, Krung Thep Maha Nakhon 10330, Thailand",https://www.google.com/maps/place/?q=place_id:ChIJq0lt-Def4jARxzGB7a2gwEs
BEANS Coffee Roaster Thonglor,13.7330711,100.5823669,Cafe,Phra Khanong,4.7,537,฿,"386,388 แขวงพระโขนงเหนือ เขตพระโขนง Krung Thep Maha Nakhon 10110, Thailand",https://www.google.com/maps/place/?q=place_id:ChIJXRPFPHyf4jARqZ-osiSrras
Mana Craft,13.736613199999999,100.5142242,Cafe,Yaowarat,4.9,464,฿฿,"1355 Thanon Khao Lam, Khwaeng Talat Noi, Khet Samphanthawong, Krung Thep Maha Nakhon 10100, Thailand",https://www.google.com/maps/place/?q=place_id:ChIJ48E8kaKZ4jARtEMdAibnOdE
พาคามาร่า คอฟฟี่ โรสเตอร์ ทองหล่อ 25,13.7399106,100.58301320000001,Cafe,Khlong Toei,4.5,605,฿,"66 25 Soi Thong Lo, คลองเตยเหนือ Krung Thep Maha Nakhon 10110, Thailand",https://www.google.com/maps/place/?q=place_id:ChIJHWGWeFGe4jARspjtHR4xgDs
some time blue cafe,13.779431899999999,100.5473272,Cafe,Phaya Thai,4.6,541,฿฿,"55/5 Soi Phahon Yothin 2, Khwaeng Samsen Nai, Khet Phaya Thai, Krung Thep Maha Nakhon 10400, Thailand",https://www.google.com/maps/place/?q=place_id:ChIJ7TQnsKCe4jAROVRrt6RPzc4
Soul’s Cafe Taladnoi,13.733595099999999,100.512023,Cafe,Yaowarat,5.0,409,฿,"In front of So Heng Tai House 282 Soi Wanit 2, Khwaeng Talat Noi, Khet Samphanthawong, Krung Thep Maha Nakhon 10100, Thailand",https://www.google.com/maps/place/?q=place_id:ChIJmW48yKeZ4jART2J1vbuOHkg
The Summer Coffee - Talat Noi,13.7337885,100.5144624,Cafe,สัมพันธวงศ์,4.8,462,฿,"ถ. เจริญกรุง Khwaeng Talat Noi, Khet Samphanthawong, Krung Thep Maha Nakhon 10100, Thailand",https://www.google.com/maps/place/?q=place_id:ChIJs77ujN6Z4jARRhSuQRX7U-o
CÉRÉMONIALE Matcha Atelier,13.738377999999999,100.50714099999999,Matcha Cafe,Yaowarat,4.5,570,฿,"Song Wat Rd, Khwaeng Chakkrawat, Khet Samphanthawong, Krung Thep Maha Nakhon 10100, Thailand",https://www.google.com/maps/place/?q=place_id:ChIJiTqJqB2Z4jARTjPjw2mcVZ4
Peace 和 Oriental Teahouse (Gaysorn Amarin),13.7439979,100.5413947,Cafe,Pathumwan,4.7,488,฿,"496 502, 10330 ถนน เพลินจิต แขวงลุมพินี เขตปทุมวัน กรุงเทพมหานคร 10330, Thailand",https://www.google.com/maps/place/?q=place_id:ChIJ9yQ75EOf4jARWrzkPgQ6DZY
"mini ミニ oriental speedbar (G Tower, G floor)",13.7569726,100.5657044,Matcha Cafe,Huai Khwang,4.7,484,฿,"G Tower (Down 1 Floor, G floor, ถ. พระราม 9 แขวงห้วยขวาง เขตห้วยขวาง กรุงเทพมหานคร 10310, Thailand",https://www.google.com/maps/place/?q=place_id:ChIJvVN8I42e4jARXgEs2WU25wk
MTCH - Sukhumvit23,13.7409324,100.56583119999999,Matcha Cafe,Watthana,4.7,481,฿,"116, 21 Soi Sukhumvit 23, Khwaeng Khlong Toei Nuea, Watthana, Krung Thep Maha Nakhon 10110, Thailand",https://www.google.com/maps/place/?q=place_id:ChIJmUN9z8qf4jAReiGaHFnytDU
Breadtory Cafe,14.005467399999999,100.57141399999999,Cafe,Pathum Thani,4.4,571,฿฿,"69 54, Tambon Suan Prink Thai, Amphoe Mueang Pathum Thani, Chang Wat Pathum Thani 12000, Thailand",https://www.google.com/maps/place/?q=place_id:ChIJc3nXfMSB4jARLPEHSWeAcrE
Shinji Matcha,13.7888342,100.59114919999999,Matcha Cafe,Wang Thonglang,4.9,394,฿,"221, 1 Soi.Ladprao, Wangthonglang, Krung Thep Maha Nakhon 10310, Thailand",https://www.google.com/maps/place/?q=place_id:ChIJQawSKrSd4jARGXbxwt2XqW8
MaLet's Cafe & Coffee Roastery,13.7254866,100.5161662,Cafe,บางรัก,4.7,445,฿,"1222 ถ. เจริญกรุง Khwaeng Bang Rak, Khet Bang Rak, Krung Thep Maha Nakhon 10500, Thailand",https://www.google.com/maps/place/?q=place_id:ChIJcdG63dqY4jARgq0pEQZJg3U
พบหน้า specialty coffee & roastery,13.7269697,100.53355379999999,Cafe,Bang Rak,4.7,443,฿,"12/13 Convent Rd, Si Lom, Khet Bang Rak, Krung Thep Maha Nakhon 10500, Thailand",https://www.google.com/maps/place/?q=place_id:ChIJMTfmwROf4jARg9Q1q2MbQQ8
Porcupine Cafe,13.783154099999999,100.5429089,Cafe,Phaya Thai,4.3,593,฿,"48 Soi Ari 4 Nua, Phaya Thai, Khet Phaya Thai, Krung Thep Maha Nakhon 10400, Thailand",https://www.google.com/maps/place/?q=place_id:ChIJt2-nHR2c4jARFOFl8saao7U
Flat+White cafe,13.7365666,100.58508309999999,Cafe,Watthana,4.6,469,฿฿,"810/5 Soi Thara Rom 2, Khwaeng Khlong Tan Nuea, Watthana, Krung Thep Maha Nakhon 10110, Thailand",https://www.google.com/maps/place/?q=place_id:ChIJ8cutYayf4jARnnr1olHN2bE
zhong.bkk 众 - tea bar,13.758854699999999,100.54130599999999,Cafe,Ratchathewi,5.0,352,฿฿,"Thanon Rang Nam, Khwaeng Thanon Phaya Thai, Khet Ratchathewi, Krung Thep Maha Nakhon 10400, Thailand",https://www.google.com/maps/place/?q=place_id:ChIJnezD0tif4jARrkIpuCdFM3E
BAY Aree,13.782343299999999,100.54309219999999,Cafe,พญาไท,4.3,570,฿฿,"111 ถนน Phahonyothin Soi 7, Phaya Thai, Khet Phaya Thai, Krung Thep Maha Nakhon 10400, Thailand",https://www.google.com/maps/place/?q=place_id:ChIJL6oMxRid4jARO32aVKwK_9Q
Laliart Coffee ลิลู ละเลียด,13.7790837,100.5346713,Cafe,พญาไท,4.6,430,฿฿,"18 ซอย อารีย์สัมพันธ์ 10 Phaya Thai, Khet Phaya Thai, Krung Thep Maha Nakhon 10400, Thailand",https://www.google.com/maps/place/?q=place_id:ChIJL_3ZYB2c4jARvwH6afHY-88
คัทซึเตะ มัทฉะ สาขาบรรทัดทอง,13.7478685,100.52375699999999,Matcha Cafe,Pathumwan,5.0,323,฿,"1194 Banthat Thong Rd, Khwaeng Rong Muang, Pathum Wan, Krung Thep Maha Nakhon 10330, Thailand",https://www.google.com/maps/place/?q=place_id:ChIJY3TRKeyZ4jARd4qUhsIbbA4
Such A Small World,13.7320603,100.5149988,Cafe,สัมพันธวงศ์,4.6,426,฿฿,"951 ชั้น 3 ถ. เจริญกรุง Khwaeng Talat Noi, Khet Samphanthawong, Krung Thep Maha Nakhon 10100, Thailand",https://www.google.com/maps/place/?q=place_id:ChIJNZrc_caZ4jARezqtUe51-Rw
Hoshi Cafe,13.724942299999999,100.58560059999999,Cafe,Watthana,4.8,368,฿฿,"No, 8 Soi Ekkamai 4, แขวงพระโขนงเหนือ เขตวัฒนา กรุงเทพมหานคร 10110, Thailand",https://www.google.com/maps/place/?q=place_id:ChIJES2mStef4jARciNluhQT6OQ
La Cabra Bangkok,13.7348473,100.51414749999999,Cafe,สัมพันธวงศ์,4.4,486,฿฿,"813 ถ. เจริญกรุง Khwaeng Talat Noi, Khet Samphanthawong, Krung Thep Maha Nakhon 10100, Thailand",https://www.google.com/maps/place/?q=place_id:ChIJnbwQRtGZ4jARKDm6zCQ-N_s
Tiny Cup Cafe,13.7374707,100.58363059999999,Cafe,Watthana,4.4,486,฿฿,"411 2 Soi Thong Lo, Khwaeng Khlong Tan Nuea, Watthana, Krung Thep Maha Nakhon 10110, Thailand",https://www.google.com/maps/place/?q=place_id:ChIJEYK-S1Ke4jARoB8EQyagLWc
มัตสึคาเนะ,13.787334999999999,100.394972,Matcha Cafe,Thawi Watthana,4.9,337,฿,"222/3 Thanon PhutthaMonthon Sai 2, Khwaeng Sala Thammasop, Khet Thawi Watthana, Krung Thep Maha Nakhon 10170, Thailand",https://www.google.com/maps/place/?q=place_id:ChIJkZ2qcw2R4jARngQhOl3NBS0
Poet House Cafe,13.782901899999999,100.5413215,Cafe,พญาไท,4.3,516,฿฿,"Soi Ari 5, แขวง พญาไท Khet Phaya Thai, Krung Thep Maha Nakhon 10400, Thailand",https://www.google.com/maps/place/?q=place_id:ChIJBwww1hyc4jAR6Y-Pg-V_MHQ
Ksana Matcha - One City Centre,13.7428305,100.5465342,Matcha Cafe,Pathumwan,4.4,467,฿฿,"Unit R2-02, 2nd Floor, One City Centre, 548 ถนน เพลินจิต แขวงลุมพินี เขตปทุมวัน กรุงเทพมหานคร 10330, Thailand",https://www.google.com/maps/place/?q=place_id:ChIJR1ZVW8af4jARpvHtD4-ehDE
House of Matcha,13.7485073,100.5281016,Matcha Cafe,Pathumwan,5.0,304,฿,"Soi Kasem San 2, Khwaeng Wang Mai, Pathum Wan, Krung Thep Maha Nakhon 10330, Thailand",https://www.google.com/maps/place/?q=place_id:ChIJOyoWD3OZ4jARUNI34bkMdDk
NICO NICO - Café & Brunch Place,13.736536599999999,100.5828951,Cafe,วัฒนา,4.5,431,฿฿,"555, ตึก DM Home Soi Thong Lo, แขวง คลองเตยเหนือ Watthana, Krung Thep Maha Nakhon 10110, Thailand",https://www.google.com/maps/place/?q=place_id:ChIJK0oh-fqf4jAR-70cq-12UNY
FIRST AID KISS CAFE & WORKSHOP @ Thonglor,13.724380000000002,100.5795802,Cafe,Watthana,4.8,344,฿฿,"58, 18 Soi Thong Lo, Khwaeng Khlong Tan Nuea, Watthana, Krung Thep Maha Nakhon 10110, Thailand",https://www.google.com/maps/place/?q=place_id:ChIJSTL9KHCf4jARNH-vr8U7OsI
Groundwork Specialty Coffee & Workplace,13.779335399999999,100.52240139999999,Cafe,ดุสิต,4.7,358,฿,"526 Thanon Rama V, Khwaeng Thanon Nakhon Chai Si, Khet Dusit, Krung Thep Maha Nakhon 10300, Thailand",https://www.google.com/maps/place/?q=place_id:ChIJK_U0uruZ4jARfcqWcHYvI2k
Spring Matcha,13.7680359,100.67729369999999,Matcha Cafe,Saphan Sung,4.6,377,฿,"159 23 Soi Ramkhamhaeng 110, Khwaeng Saphan Sung, Khet Saphan Sung, Krung Thep Maha Nakhon 10240, Thailand",https://www.google.com/maps/place/?q=place_id:ChIJdcMIoWRhHTERJSFYZE7k71Q
HUGS SONGWAT CAFE,13.7359277,100.5126842,Cafe,Yaowarat,4.8,327,฿฿,"42 Soi Charoen Phaniang, Khwaeng Talat Noi, Khet Samphanthawong, Krung Thep Maha Nakhon 10100, Thailand",https://www.google.com/maps/place/?q=place_id:ChIJZVkzVU6Z4jARkpN8tuNnbo4
Hēi Jīi,13.7277676,100.51635139999999,Cafe,บางรัก,4.5,405,฿,"415 ถ. เจริญกรุง Khwaeng Si Phraya, Khet Bang Rak, Krung Thep Maha Nakhon 10500, Thailand",https://www.google.com/maps/place/?q=place_id:ChIJzX_x9XCZ4jAR5nV8GeVi-IY
Seven Rabbit Gelato . Matcha . Coffee,13.7356135,100.6506385,Matcha Cafe,Suan Luang,4.7,347,฿,"280 Phatthanakan 53, Khwaeng Suan Luang, Khet Suan Luang, Krung Thep Maha Nakhon 10250, Thailand",https://www.google.com/maps/place/?q=place_id:ChIJAaGCC8BhHTEROu7fU3csJ1M
BENKOFF,13.731508499999999,100.581171,Cafe,Watthana,4.5,401,฿,"195 NT TOWER Soi Thong Lo, Khwaeng Khlong Tan Nuea, Watthana, Krung Thep Maha Nakhon 10110, Thailand",https://www.google.com/maps/place/?q=place_id:ChIJGXvkJWOf4jARrNTvJUF9Tv0
Earthy Roaster (Specialty Coffee),13.749594700000001,100.54266229999999,Cafe,Ratchathewi,4.7,341,฿,"994 Khwaeng Makkasan, Khet Ratchathewi, Krung Thep Maha Nakhon 10400, Thailand",https://www.google.com/maps/place/?q=place_id:ChIJAT_qeA2f4jARFAucLpLf16o
Voiij coffee and stuff,13.7296734,100.58028900000001,Cafe,Watthana,4.8,317,฿,"117 Soi Thong Lo, Khwaeng Khlong Tan Nuea, Watthana, Krung Thep Maha Nakhon 10110, Thailand",https://www.google.com/maps/place/?q=place_id:ChIJT7nWsFKf4jARzu4uG_njwYY
เรคคอร์ดอฟฟี ร้านขายแผ่นเสียงและกาแฟ,13.734831999999999,100.51559809999999,Cafe,สัมพันธวงศ์,4.9,294,฿,"95 14-15 ถ. เจริญกรุง Khwaeng Talat Noi, Khet Samphanthawong, Krung Thep Maha Nakhon 10100, Thailand",https://www.google.com/maps/place/?q=place_id:ChIJQRY9aXiZ4jAR6MgiUBX5pNw
Koyo Tearoom - SongWat Road (Japanese Matcha & Cafe),13.7382393,100.50795099999999,Cafe,Yaowarat,4.9,293,฿,"953/2 Khwaeng Samphanthawong, Khet Samphanthawong, Krung Thep Maha Nakhon 10100, Thailand",https://www.google.com/maps/place/?q=place_id:ChIJKe9H6EeZ4jARRnOTnxGsC7U
BONCI,13.7906484,100.5483824,Cafe,Phaya Thai,4.3,445,฿,"1477 Phahon Yothin Road, Khwaeng Samsen Nai, Khet Phaya Thai, Krung Thep Maha Nakhon 10400, Thailand",https://www.google.com/maps/place/?q=place_id:ChIJf4msdhud4jARi0uVOJwWefc
Chong Matcha Cafe,13.7572928,100.6697832,Matcha Cafe,สะพานสูง,4.8,304,฿,"เลขที่ 15 ถนนศรีนครินทร์-ร่มเกล้า หน้าวงเวียนโครงการ ใกล้ brighton college เศรษฐสิริ กรุงเทพกรีฑา Khwaeng Saphan Sung, Khet Saphan Sung, Krung Thep Maha Nakhon 10240, Thailand",https://www.google.com/maps/place/?q=place_id:ChIJIX8T3hRnHTERTZTKfflZjI8
Coffee no.9,13.779869099999999,100.5438168,Cafe,Phaya Thai,4.6,349,฿,"1199 Soi Ari 1, Phaya Thai, Khet Phaya Thai, Krung Thep Maha Nakhon 10400, Thailand",https://www.google.com/maps/place/?q=place_id:ChIJt6ZwhB2c4jARh9gtkLAPJiI
qraft. (Ari soi1),13.780661199999999,100.54439269999999,Matcha Cafe,Phaya Thai,4.4,403,฿฿,"5, 7 Soi Ari 1, Khwaeng Samsen Nai, Khet Phaya Thai, Krung Thep Maha Nakhon 10400, Thailand",https://www.google.com/maps/place/?q=place_id:ChIJCSWKC1qd4jARgQtCnJiFZbM
APA Matcha,13.6960207,100.6062602,Matcha Cafe,พระโขนง,4.9,281,฿,"บางจาก 4/3 ซอย สุขุมวิท 99 Khwaeng Bang Chak, Khet Phra Khanong, Krung Thep Maha Nakhon 10260, Thailand",https://www.google.com/maps/place/?q=place_id:ChIJLYDAVqCf4jARz0VFIhGkTzY
Double Dogs Tearoom,13.740630699999999,100.509181,Cafe,Yaowarat,4.5,360,฿฿,"406 Yaowarat Rd, Jakkawat, Khet Samphanthawong, Krung Thep Maha Nakhon 10100, Thailand",https://www.google.com/maps/place/?q=place_id:ChIJH79CmBiZ4jARMdjLCASWygc
Atlas Specialty Coffee,13.7167914,100.6554366,Cafe,Prawet,4.8,288,฿,"On Nut 55-2 Alley Khwaeng Prawet, Khet Prawet, Krung Thep Maha Nakhon 10250, Thailand",https://www.google.com/maps/place/?q=place_id:ChIJv9F22hthHTERKXXpz26fFss
ทีลิลี่คาเฟ่ เอกมัย,13.731171600000001,100.5892133,Cafe,Watthana,4.3,414,฿฿,"15/25 สุขุมวิท 63 เอกมัย 12 หมู่บ้านสวนเจริญใจ คลองตัน, แขวงคลองตันเหนือ เขตวัฒนา กรุงเทพมหานคร 10110, Thailand",https://www.google.com/maps/place/?q=place_id:ChIJxVnsKUqf4jART-tV_F81zaM
calmandcoff cafe,13.743463900000002,100.6369,Matcha Cafe,สวนหลวง,4.8,277,฿,"บ้านเลขที่ 28 Rama IX Soi 57/1, Khwaeng Suan Luang, Khet Suan Luang, Krung Thep Maha Nakhon 10250, Thailand",https://www.google.com/maps/place/?q=place_id:ChIJOxgn_CVhHTERd6f6AiLoyNo
Peace 和 Oriental Teahouse (King Power Rang Nam),13.7601826,100.5384431,Cafe,Ratchathewi,4.6,316,฿,"Thanon Rang Nam, Khwaeng Thanon Phaya Thai, Khet Ratchathewi, Krung Thep Maha Nakhon 10400, Thailand",https://www.google.com/maps/place/?q=place_id:ChIJR53YBree4jARK7wK0vgAUj4
Hidden leaf matcha,13.842808,100.67359689999999,Matcha Cafe,Khan Na Yao,4.6,313,฿,"19/6 Kanchanaphisek Rd, Khwaeng Khan Na Yao, Khet Khan Na Yao, Krung Thep Maha Nakhon 10230, Thailand",https://www.google.com/maps/place/?q=place_id:ChIJk93bG51jHTER1i7sAMuwI6g
Tham·Ma·Da Cafe & Shop,13.7769444,100.54249999999999,Cafe,Phaya Thai,4.7,287,฿,"65 Phahon Yothin Road, Phaya Thai, Khet Phaya Thai, Krung Thep Maha Nakhon 10400, Thailand",https://www.google.com/maps/place/?q=place_id:ChIJN1UVS6ae4jARsCdMD1xy-6I
RYUU.BKK,13.8381536,100.58212750000001,Matcha Cafe,จตุจักร,5.0,233,฿,"เลขที่ 1546 ซอย พหลโยธิน 34 Khwaeng Sena Nikhom, Khet Chatuchak, Krung Thep Maha Nakhon 10900, Thailand",https://www.google.com/maps/place/?q=place_id:ChIJD63q-Y2d4jARjTMUp9rfNP4
HOMU,13.7266921,100.5415762,Matcha Cafe,สาทร,4.4,355,฿฿,"14, 7 Soi Sathon 2, แขวง ยานนาวา, Khet Sathon, Krung Thep Maha Nakhon 10120, Thailand",https://www.google.com/maps/place/?q=place_id:ChIJLW9CDWuZ4jAR4WDwln-j2cA
The Coffee Store Charoenkrung,13.735633799999999,100.5138276,Cafe,สัมพันธวงศ์,4.9,244,฿,"775/1 ถ. เจริญกรุง Khwaeng Talat Noi, Khet Samphanthawong, Krung Thep Maha Nakhon 10120, Thailand",https://www.google.com/maps/place/?q=place_id:ChIJtQExQOOZ4jARrLr2JyfPddU
Sauvage,13.8890187,100.5775584,Dessert,Watthana,4.7,280,฿฿,"99, 395 Soi Chaeng Watthana 10, Lane 3, Khwaeng Thung Song Hong, Khet Lak Si, Krung Thep Maha Nakhon 10210, Thailand",https://www.google.com/maps/place/?q=place_id:ChIJn_KItAOD4jARyxg2mZlw5GU
อายตนะ,13.7458973,100.5055033,Matcha Cafe,ป้อมปราบศัตรูพ่าย,4.7,279,฿฿,"267 ถ. เจริญกรุง Khwaeng Ban Bat, Khet Pom Prap Sattru Phai, Krung Thep Maha Nakhon 10100, Thailand",https://www.google.com/maps/place/?q=place_id:ChIJeSVexzyZ4jAR7IwPp0TJ6TU
HOME matcha,13.742634899999999,100.6295683,Matcha Cafe,Suan Luang,4.6,299,฿,"12 Soi 21, Khwaeng Suan Luang, Khet Suan Luang, Krung Thep Maha Nakhon 10250, Thailand",https://www.google.com/maps/place/?q=place_id:ChIJhYP_KFVhHTER-O_JzI5dlvw
Chef Kai De Café Klong 5 - เชฟไก่ เดอ คาเฟ่ คลอง 5 ลำลูกกา by Jana,13.9768692,100.70277879999999,Cafe,Ratchada,4.8,258,฿฿,"5 7 ถนน เลียบคลอง 5 ฝั่งตะวันตก Tambon Lat Sawai, Amphoe Lam Luk Ka, Chang Wat Pathum Thani 12150, Thailand",https://www.google.com/maps/place/?q=place_id:ChIJY_qCTmV_HTERlMwpeOkHEE4
Beaker and Bitter,13.780969599999999,100.5495164,Cafe,Phaya Thai,4.4,340,฿฿,"4 Soi Sai Lom 1, Khwaeng Samsen Nai, Khet Phaya Thai, Krung Thep Maha Nakhon 10400, Thailand",https://www.google.com/maps/place/?q=place_id:ChIJadycM3ed4jARz_ZmcGKCLeA
Horm Tea Experience,13.7187293,100.609674,Matcha Cafe,สวนหลวง,4.8,247,฿,"22 ซ.อ่อนนุช 17 แยก 1 Khwaeng Suan Luang, Khet Suan Luang, Krung Thep Maha Nakhon 10250, Thailand",https://www.google.com/maps/place/?q=place_id:ChIJa_hbDkOf4jARnXbzj8awpT0
B YAH >matcha,13.837996299999999,100.6025102,Matcha Cafe,Lat Phrao,4.8,244,฿,"131 Soi Prasert-Manukitch 21, Khwaeng Chorakhe Bua, Khet Lat Phrao, Krung Thep Maha Nakhon 10230, Thailand",https://www.google.com/maps/place/?q=place_id:ChIJbYSnQgCd4jAR6eN6OmVS_GE
Ksana Matcha - Central World,13.7450741,100.5390442,Matcha Cafe,Pathumwan,4.7,256,฿฿,"1st floor, Central World, Department Cosmetic Zone, 999/9 Rama I Rd, Khwaeng Pathum Wan, Pathum Wan, Krung Thep Maha Nakhon 10330, Thailand",https://www.google.com/maps/place/?q=place_id:ChIJg0TANT2f4jARoHcV4iYuX8s
Aribica Specialty Coffee (Sahakorn branch),13.780567399999999,100.54404570000001,Cafe,Phaya Thai,4.6,270,฿,"4, 1 Soi Ari 1, Phaya Thai, Khet Phaya Thai, Krung Thep Maha Nakhon 10400, Thailand",https://www.google.com/maps/place/?q=place_id:ChIJOSpbmx2c4jARyUAdhjBc78k
สมดุลคอฟฟี่,13.733270399999999,100.57579179999999,Cafe,Watthana,4.8,230,฿฿,"20/40 Soi Sukhumvit 49/1, Khwaeng Khlong Tan Nuea, Watthana, Krung Thep Maha Nakhon 10110, Thailand",https://www.google.com/maps/place/?q=place_id:ChIJ9VdMF3if4jARcQg84QjpyU8
"REN - Cafe & Goods - Matcha, Coffee and Dessert",13.7281552,100.51609710000001,Matcha Cafe,บางรัก,4.7,246,฿,"1111 ถ. เจริญกรุง Khwaeng Si Phraya, Khet Bang Rak, Krung Thep Maha Nakhon 10500, Thailand",https://www.google.com/maps/place/?q=place_id:ChIJ6XtxkwKZ4jARnT44u5YUgsU
CHAEN TEA Experience,13.725419700000002,100.5803322,Matcha Cafe,Watthana,4.5,282,฿,"129 Soi Ban Kluai Nuea, Khwaeng Khlong Tan Nuea, Watthana, Krung Thep Maha Nakhon 10110, Thailand",https://www.google.com/maps/place/?q=place_id:ChIJKwmB0LSf4jARezJS73BNxco
YAMA MATCHA,13.7367979,100.52322339999999,Matcha Cafe,Pathumwan,4.6,259,฿,"1775 Soi Chulalongkorn 5, Khwaeng Wang Mai, Pathum Wan, Krung Thep Maha Nakhon 10330, Thailand",https://www.google.com/maps/place/?q=place_id:ChIJxZ-KmJiZ4jARbqWCKmDtiKw
Hey! Coffee I’m Park Chula,13.7401833,100.52486239999999,Cafe,Bangkok,4.8,218,฿,"353 ซ. จุฬาลงกรณ์ 9 Khwaeng Wang Mai, Pathum Wan, Krung Thep Maha Nakhon 10330, Thailand",https://www.google.com/maps/place/?q=place_id:ChIJ6a1OSACZ4jARLhtU-u51E_U
GOOD CHĀ MATCHA - Verde Sukhumvit 26,13.7250163,100.56941049999999,Matcha Cafe,Khlong Toei,4.9,202,฿,"61/46 Sukhumvit 26, Khwaeng Khlong Tan, Khet Khlong Toei, Krung Thep Maha Nakhon 10110, Thailand",https://www.google.com/maps/place/?q=place_id:ChIJIduhBFSf4jARVQZLfg2sBSU
Rin Matcha,13.806218699999999,100.5744872,Matcha Cafe,พญาไท,4.9,202,฿,"โครงการ Midway Point 469 จอมพล Khwaeng Chom Phon, Khet Chatuchak, Krung Thep Maha Nakhon 10900, Thailand",https://www.google.com/maps/place/?q=place_id:ChIJ1x23KwCd4jARNXgj2_uln2I
Gatcha Matcha,13.7454869,100.5520241,Matcha Cafe,Watthana,5.0,187,฿,"230 Soi Sukhumvit 1, Klongtoeynua, Watthana, Krung Thep Maha Nakhon 10110, Thailand",https://www.google.com/maps/place/?q=place_id:ChIJmcOLrLmf4jARthKOG8lm3fA
Chaya Teahouse,13.7894622,100.54396559999999,Cafe,Phaya Thai,4.6,236,฿,"7, 14 ถ. ประดิพัทธ์ แขวงพญาไท เขตพญาไท กรุงเทพมหานคร 10400, Thailand",https://www.google.com/maps/place/?q=place_id:ChIJm1P72Ked4jARsu6oyCsY_r4
OIKOS - Brunch & Bar,13.7767833,100.54377769999999,Cafe,Phaya Thai,4.3,293,฿฿,"304/2 Vanit VIllage (Building C 1st floor, Room 102 Soi Ari 1, Khwaeng Samsen Nai, Khet Phaya Thai, Krung Thep Maha Nakhon 10400, Thailand",https://www.google.com/maps/place/?q=place_id:ChIJSyZvxhCf4jARO4e_1r-WCHU
Timo and Tintin,13.7351688,100.5114773,Cafe,Yaowarat,4.7,214,฿,"674 Soi Wanit 2, Khwaeng Talat Noi, Khet Samphanthawong, Krung Thep Maha Nakhon 10100, Thailand",https://www.google.com/maps/place/?q=place_id:ChIJPz17r4WZ4jARPtcxfpzR8oY
JOLIIJCOFFEE (จอลลี่เจ คอฟฟี่),13.6437315,100.4459967,Matcha Cafe,Bang Khun Thian,4.9,186,฿,"17 Thanon Thakham, Khwaeng Samae Dam, Khet Bang Khun Thian, Krung Thep Maha Nakhon 10150, Thailand",https://www.google.com/maps/place/?q=place_id:ChIJ8678XPG94jARif6PhD2n93g
Katsute Matcha (คัทซึเตะ มัทฉะ) - สาขา สาทร-จันทน์,13.7091015,100.5145457,Matcha Cafe,สาทร,4.8,197,฿,"70, อยู่ข้างเซเว่น, 44 Thanon Chan, Khwaeng Wat Phraya Krai, Khet Bang Kho Laem, Krung Thep Maha Nakhon 10120, Thailand",https://www.google.com/maps/place/?q=place_id:ChIJoVTeIa-Z4jARoTXvBoYmzKw
MATCHAMOOD (Riri Teahouse BKK),13.720616999999999,100.5187027,Cafe,Bang Rak,4.6,223,฿,"50 Sri-Veng Road, Si Lom, Khet Bang Rak, Krung Thep Maha Nakhon 10500, Thailand",https://www.google.com/maps/place/?q=place_id:ChIJyzcbe-aZ4jARE796t-xukU4
MATCHAMARU - Songwat : มัทฉะมารุ สาขาทรงวาด,13.738158,100.50692699999999,Matcha Cafe,Yaowarat,4.4,243,฿,"1216 Song Wat Rd, Khwaeng Chakkrawat, Khet Samphanthawong, Krung Thep Maha Nakhon 10100, Thailand",https://www.google.com/maps/place/?q=place_id:ChIJk5JyCfSZ4jARTJMXqqT4Kzw
Ritmo.Kof Cafe (Ritmo Coffee and Matcha),13.7951757,100.71216940000001,Matcha Cafe,มีนบุรี,5.0,156,฿,"บ้านเลขที่2 Soi Ramkhamhaeng 166, Khwaeng Min Buri, Khet Min Buri, Krung Thep Maha Nakhon 10510, Thailand",https://www.google.com/maps/place/?q=place_id:ChIJ7x_VVaplHTERnQSQzPZvq1Q
MTCH - The Circle Ratchapruk,13.7671859,100.44301379999999,Matcha Cafe,Taling Chan,4.5,221,฿,"39 Ratchapruk Road Unit C18, แขวงบางระมาด เขตตลิ่งชัน กรุงเทพมหานคร 10170, Thailand",https://www.google.com/maps/place/?q=place_id:ChIJ8YcUsF-Z4jAR2gWvZQC8oRw
Fill In The Blank,13.7241026,100.5835797,Cafe,Watthana,4.3,241,฿฿,"28/10 Sukhumvit 61, Khwaeng Khlong Tan Nuea, Watthana, Krung Thep Maha Nakhon 10110, Thailand",https://www.google.com/maps/place/?q=place_id:ChIJTwd5Ua6f4jAR9Y1VHG00N1w
"Grow Tea.studio, The Emporium",13.7297049,100.56838929999999,Matcha Cafe,Khlong Toei,4.7,178,฿,"3rd Floor, Friend Friend , The Emporium 622 Soi Sukhumvit 24, Khwaeng Khlong Tan, Khet Khlong Toei, Krung Thep Maha Nakhon 10110, Thailand",https://www.google.com/maps/place/?q=place_id:ChIJ7zHkUACf4jARCF3-yMFA_V4
Feng Huang,13.733390499999999,100.5143723,Matcha Cafe,สัมพันธวงศ์,4.8,163,฿,"946 ถ. เจริญกรุง Khwaeng Talat Noi, Khet Samphanthawong, Krung Thep Maha Nakhon 10100, Thailand",https://www.google.com/maps/place/?q=place_id:ChIJMZ1oiGuZ4jARS-L5j90ujJ0
"Grow Tea.studio, Sutthisan",13.7883608,100.57499399999999,Matcha Cafe,Huai Khwang,4.6,181,฿,"36 Soi Udom Suk, Khwaeng Huai Khwang, Khet Huai Khwang, Krung Thep Maha Nakhon 10310, Thailand",https://www.google.com/maps/place/?q=place_id:ChIJ60zeoPSd4jARC_5vFYhrsIQ
3Cha matcha cafe,13.7722711,100.3373991,Matcha Cafe,Watthana,5.0,136,฿,"30 ทวีวัฒนา 25 แยก 12 Khwaeng Thawi Watthana, Khet Thawi Watthana, Krung Thep Maha Nakhon 10170, Thailand",https://www.google.com/maps/place/?q=place_id:ChIJjQP5fgCV4jAR7Zen6MEjngA
"Tanuki261cha ( Matcha , Japanese tea & Oriental Tea house, Tea cafe)",13.7074429,100.50824539999999,Cafe,บางคอแหลม,4.7,166,฿,"2000/7 ถ. เจริญกรุง Khwaeng Wat Phraya Krai, Khet Bang Kho Laem, Krung Thep Maha Nakhon 10120, Thailand",https://www.google.com/maps/place/?q=place_id:ChIJU_1xlKWZ4jARj1-2PP-HmtU
Nita.Bakeandbrew,13.6918958,100.6115856,Matcha Cafe,Phra Khanong,4.6,175,฿,"11 Soi Punna Withi 11, Khwaeng Bang Chak, Khet Phra Khanong, Krung Thep Maha Nakhon 10260, Thailand",https://www.google.com/maps/place/?q=place_id:ChIJtYMctCSf4jARFDp3g3dGFEo
INOME Japanese TEA,13.7620449,100.4936389,Matcha Cafe,Phra Nakhon,4.9,135,฿,"32 Thanon Phra Athit, Khwaeng Chana Songkhram, Khet Phra Nakhon, Krung Thep Maha Nakhon 10200, Thailand",https://www.google.com/maps/place/?q=place_id:ChIJx-b4KXWZ4jARLLVazMHNgxs
อิสระการคั่ว,13.8591375,100.6831892,Cafe,Ram Intra,5.0,126,฿,"11 ซอยคู้บอน 37 บางชัน Khet Khlong Sam Wa, Krung Thep Maha Nakhon 10510, Thailand",https://www.google.com/maps/place/?q=place_id:ChIJmQFE2NljHTER0iWhBug2yLc
Coach House Brunch and Eatery,13.8288502,100.67566210000001,Cafe,Bangkok,4.3,196,฿฿,"88/8 93 ซอย Khwaeng Khan Na Yao, Khet Khan Na Yao, Krung Thep Maha Nakhon 10230, Thailand",https://www.google.com/maps/place/?q=place_id:ChIJVaReXg5jHTERn4H9VulLmVU
MATCHA & MORE,13.746897700000002,100.5391246,Matcha Cafe,Pathumwan,4.5,165,฿,"Central world, 5 Floor Zone: Urban Balance 999/9 Rama I Rd, Pathum Wan, Bangkok 10330, แขวงปทุมวัน เขตปทุมวัน กรุงเทพมหานคร 10110, Thailand",https://www.google.com/maps/place/?q=place_id:ChIJrUO6L3if4jAR70J0x1rSYVA
OCCA’S -,13.723189000000001,100.58671319999999,Cafe,Ekkamai,4.5,163,฿฿,"22 Tower B, 22 Soi Ekkamai 2, Khwaeng Phra Khanong Nuea, Watthana, Krung Thep Maha Nakhon 10110, Thailand",https://www.google.com/maps/place/?q=place_id:ChIJu6GfOrCf4jAR9EMer_fPiR4
MXTCHX & CO.,13.8347384,100.53794239999999,Matcha Cafe,Bang Sue,4.9,118,฿,"1005 40 Soi Pracha Chuen 30, Khwaeng Wong Sawang, Khet Bang Sue, Krung Thep Maha Nakhon 10800, Thailand",https://www.google.com/maps/place/?q=place_id:ChIJOdeKlNyd4jARbL6tIswtmv8
Takeitslowcoffee,13.7812716,100.43118179999999,Matcha Cafe,ตลิ่งชัน,4.8,126,฿,"464 Thanon Chim Phll, ฉิมพลี Khet Taling Chan, Krung Thep Maha Nakhon 10170, Thailand",https://www.google.com/maps/place/?q=place_id:ChIJgb0sESmX4jARkreP87Aj1H0
NEKO MATCHA,13.721604,100.4768014,Matcha Cafe,ธนบุรี,4.9,117,฿,"ตลาดพลู 50 Thanon Ratchadaphisek, Khwaeng Talat Phlu, Khet Thon Buri, Krung Thep Maha Nakhon 10600, Thailand",https://www.google.com/maps/place/?q=place_id:ChIJoXIoR3qZ4jARyZznB202Rac
Umi matcha,13.746376399999999,100.63153989999999,Matcha Cafe,Suan Luang,5.0,107,฿฿,"169/3 Rama IX Soi 49, Phatthanakan, Khet Suan Luang, Krung Thep Maha Nakhon 10250, Thailand",https://www.google.com/maps/place/?q=place_id:ChIJAW9dJQBhHTERq-Z7NaXybFs
Safefu-House,13.714659999999999,100.3886168,Matcha Cafe,บางแคเหนือ,4.5,151,฿,"672 ซอย เพชรเกษม 94 Khwaeng Bang Khae Nuea, Khet Bang Khae, Krung Thep Maha Nakhon 10160, Thailand",https://www.google.com/maps/place/?q=place_id:ChIJXzutFgCX4jAR4WSbaLVuaak
Ingdarin Coffee,13.8158616,100.6808233,Cafe,Khan Na Yao,4.9,113,฿,"88 141 Ratchada-Ramintra Rd, Khwaeng Khan Na Yao, Khet Khan Na Yao, Krung Thep Maha Nakhon 10230, Thailand",https://www.google.com/maps/place/?q=place_id:ChIJQZwwRYxjHTERWqL0eMilLCk
Matcha Madness Club,13.8330849,100.5710278,Matcha Cafe,Chatuchak,5.0,101,฿,"1873 2, Khwaeng Lat Yao, Khet Chatuchak, Krung Thep Maha Nakhon 10900, Thailand",https://www.google.com/maps/place/?q=place_id:ChIJx9BQr5ud4jARtE4tGMf0Dkg
TORI Cafe Rama 2 I โทริ คาเฟ่ พระราม 2,13.668958100000001,100.4485419,Matcha Cafe,Bang Khun Thian,4.6,131,฿,"80/2 Rama II Rd, Khwaeng Tha Kham, Khet Bang Khun Thian, Krung Thep Maha Nakhon 10150, Thailand",https://www.google.com/maps/place/?q=place_id:ChIJzXJ1dAaj4jAROrsU5f4y7wE
โรเซทต้า คอฟฟี่ โรสท์เตอร์,13.6964857,100.4961175,Matcha Cafe,บางคอแหลม,4.5,140,฿,"2414/20 ถ. เจริญกรุง Khwaeng Bang Kho Laem, Khet Bang Kho Laem, Krung Thep Maha Nakhon 10120, Thailand",https://www.google.com/maps/place/?q=place_id:ChIJ31HwU5uY4jAR8ryTUZhmI50
Espressoman x SCG HOME Experience,13.803298,100.61767019999999,Matcha Cafe,Bangkapi,4.5,134,฿,"SCG Home Experience, 1444 Pradit Manutham Rd, Khwaeng Khlong Chan, Khet Bang Kapi, Krung Thep Maha Nakhon 10240, Thailand",https://www.google.com/maps/place/?q=place_id:ChIJa-Ysssmd4jAR9Bj1d8G3Xd0
Time's House Thailand,13.7437951,100.624484,Matcha Cafe,Suan Luang,4.5,132,฿,"2 พระราม ที่ 9 เขต สวนหลวง, Khet Suan Luang, Krung Thep Maha Nakhon 10250, Thailand",https://www.google.com/maps/place/?q=place_id:ChIJexVvHFWf4jARwBUY0U_Usig
Chamony slow tea bar,13.6632836,100.6181989,Cafe,Bangna,4.8,103,฿,"555 Thanon Lasalle, Khwaeng Bang Na, Khet Bang Na, Krung Thep Maha Nakhon 10260, Thailand",https://www.google.com/maps/place/?q=place_id:ChIJ3dP-LQCh4jARqT8uopV5SrU
Sweet Boxes Ari 新鲜的现做手工麻糬,13.7874532,100.5481549,Matcha Cafe,Phaya Thai,4.8,101,฿,"Phahon Yothin Road, Khwaeng Samsen Nai, Khet Phaya Thai, Krung Thep Maha Nakhon 10400, Thailand",https://www.google.com/maps/place/?q=place_id:ChIJOacF2jCd4jARTc5G3Ha7j-k
ธรรมดา แสนพิเศษ Cafe and Happiness,13.7352274,100.5960906,Bakery,Ram Intra,4.6,115,฿,"1039, สายฝนอพาร์ทเม้นท์ 21-26 ซอย ปรีดี พนมยงค์ 45 Khwaeng Khlong Tan Nuea, Watthana, Krung Thep Maha Nakhon 10110, Thailand",https://www.google.com/maps/place/?q=place_id:ChIJB3OnYCif4jAR_PpYUpa-lIY
Sandori Teahouse | Matcha มัทฉะทีเฮาส์,13.8024088,100.5596588,Cafe,Chatuchak,5.0,87,฿,"28 Soi Vibhavadi Rangsit 5, Khwaeng Chom Phon, จตุจักร, Krung Thep Maha Nakhon 10900, Thailand",https://www.google.com/maps/place/?q=place_id:ChIJnVTOGqqd4jARJO9cwJuNaeQ
ORI matcha,13.7517965,100.53692129999999,Matcha Cafe,Ratchathewi,4.9,91,฿,"Soi Phetchaburi 15, Khwaeng Thanon Phaya Thai, Khet Ratchathewi, Krung Thep Maha Nakhon 10400, Thailand",https://www.google.com/maps/place/?q=place_id:ChIJq9jiAQCf4jARY47I2yqTJsI
Matcha O’Clock | ทุกเวลาคือช่วงเวลาของมัทฉะ,13.821088699999999,100.63855219999999,Matcha Cafe,Bueng Kum,5.0,85,฿,"51/216 Khlong Lamchuek 8, Khwaeng Nuanchan, Khet Bueng Kum, Krung Thep Maha Nakhon 10230, Thailand",https://www.google.com/maps/place/?q=place_id:ChIJU4Uze-9jHTERXX2gQpH3kTM
Curious M Cafe (Coffee Shop),13.733680399999999,100.52750549999999,Matcha Cafe,ปทุมวัน,4.8,96,฿,"290 ซอย จุฬาลงกรณ์ 15 Khwaeng Wang Mai, Pathum Wan, Krung Thep Maha Nakhon 10330, Thailand",https://www.google.com/maps/place/?q=place_id:ChIJb_4VaSaZ4jARaOSK09emsP4
Brown Matcha House,13.7587982,100.51503849999999,Matcha Cafe,ดุสิต,4.8,95,฿,"463, 37 Soi Lukluang7 Siyakmahanak, Khwaeng Si Yaek Maha Nak, Khet Dusit, Krung Thep Maha Nakhon 10300, Thailand",https://www.google.com/maps/place/?q=place_id:ChIJM-HqdQCZ4jAR5dNFyXVf0Z0
Daythem Tea Studio,13.731678599999999,100.5142326,Matcha Cafe,Yaowarat,4.8,95,฿,"63 Thanon Yotha 1, Khwaeng Talat Noi, Khet Samphanthawong, Krung Thep Maha Nakhon 10100, Thailand",https://www.google.com/maps/place/?q=place_id:ChIJhfjKm8mZ4jAR3c3PIi6zZSc
Sof.bkk,13.740832699999999,100.6331483,Matcha Cafe,Suan Luang,5.0,82,฿,"2 Rama IX Rd, Khwaeng Suan Luang, Khet Suan Luang, Krung Thep Maha Nakhon 10250, Thailand",https://www.google.com/maps/place/?q=place_id:ChIJIxTKQZlhHTERv8Riye8_08Q
Milli TeaSpace Silom,13.725029999999999,100.52945609999999,Matcha Cafe,บางรัก,4.8,90,฿,"399/4 Silom Soi 7, สีลม Khet Bang Rak, Krung Thep Maha Nakhon 10500, Thailand",https://www.google.com/maps/place/?q=place_id:ChIJT3-53UeZ4jARroGNN8jnCkc
Matcha commonly,13.721107199999999,100.51637749999999,Matcha Cafe,Bang Rak,4.9,84,฿,"188 Thanon Si Wiang, Si Lom, Khet Bang Rak, Krung Thep Maha Nakhon 10500, Thailand",https://www.google.com/maps/place/?q=place_id:ChIJvbckeISZ4jARSVMleumCpkY
KiRA KiRA Tea&Co.| Tea Matcha & Workshop – キラキラティー,13.899478,100.5808163,Matcha Cafe,Lak Si,5.0,78,฿,"135 88 Kamphaeng Phet 6 Soi 7 Yaek 3-4, Khwaeng Thung Song Hong, Khet Lak Si, Krung Thep Maha Nakhon 10210, Thailand",https://www.google.com/maps/place/?q=place_id:ChIJAxlKri2D4jARi4815dB16bw
Koto Tea Space - 琴 (Japanese tea & matcha specialty shop),13.7347266,100.5511892,Matcha Cafe,Pathumwan,4.9,76,฿฿,"177, 42 Soi Ruam Rudi 2, Khwaeng Lumphini, Pathum Wan, Krung Thep Maha Nakhon 10330, Thailand",https://www.google.com/maps/place/?q=place_id:ChIJW-JWpgOZ4jARBw-RtI7IdH0
Pisces Coffee Bangkok,13.8582886,100.54840229999999,Matcha Cafe,Lak Si,5.0,70,฿,"112 54 Soi Ngam Wong Wan 43, Lane 7, Khwaeng Thung Song Hong, Khet Lak Si, Krung Thep Maha Nakhon 10210, Thailand",https://www.google.com/maps/place/?q=place_id:ChIJQ-iJqg2d4jARIERsrr-A4YE
Yugen Cha มัทฉะ - สาขาสีลม,13.7285513,100.53377479999999,Matcha Cafe,กรุงเทพ,4.9,72,฿,"ธนิยะ พลาซ่า ถนนสีลม ชั้น 3 ทางเข้า BTS BO-301A-B,BO-302A B 52 Khwaeng Suriya Wong, Khet Bang Rak, Krung Thep Maha Nakhon 10500, Thailand",https://www.google.com/maps/place/?q=place_id:ChIJbTcAefCZ4jARGH4yKeZB9yg
SO! Matcha,13.7223686,100.5804259,Matcha Cafe,Phra Khanong,4.3,104,฿,"ชั้น 1 อาคาร ทีวัน 8 Soi Sukhumvit 40, พระโขนง Khet Khlong Toei, Krung Thep Maha Nakhon 10110, Thailand",https://www.google.com/maps/place/?q=place_id:ChIJSyQqCeCf4jAR2qPMVpNTsFI
Matcha Hachine โชคชัย4,13.805873000000002,100.6074994,Matcha Cafe,Lat Phrao,4.9,67,฿,"2 1 Soi Nak Niwat 27, Khwaeng Lat Phrao, Khet Lat Phrao, Krung Thep Maha Nakhon 10230, Thailand",https://www.google.com/maps/place/?q=place_id:ChIJ1ba_hESd4jARj_zA1L0InTI
THAO MATCHA,13.7152304,100.5541525,Matcha Cafe,Khlong Toei,5.0,62,฿,"599 Thanon Chuea Phloeng, Khwaeng Khlong Toei, Khet Khlong Toei, Krung Thep Maha Nakhon 10110, Thailand",https://www.google.com/maps/place/?q=place_id:ChIJK1MmeBCf4jARJ9u0PeEmAyU
TOKU DESSERT(卜一𠂊) At Central World,13.7462816,100.53955289999999,Matcha Cafe,Pathumwan,4.4,93,฿฿,"Central World 3rd Floor, 999/9 ถ. พระรามที่ 1 แขวงปทุมวัน เขตปทุมวัน กรุงเทพมหานคร 10330, Thailand",https://www.google.com/maps/place/?q=place_id:ChIJF8GLKCqf4jARnJNccLEBKOk
MEZZO X DRIP รามอินทรา 5,13.875004899999999,100.61866940000002,Cafe,Bang Khen,4.6,78,฿,"50 8 Soi Rarm Intra 5, Lane 19, Khwaeng Anusawari, Khet Bang Khen, Krung Thep Maha Nakhon 10220, Thailand",https://www.google.com/maps/place/?q=place_id:ChIJCXlJXY6D4jARTwecbAwwpiE
Hon to Shiki,13.7142039,100.4090889,Matcha Cafe,Bang Khae,4.7,71,฿,"38 Soi Phet Kasem 84, Khwaeng Bang Khae Nuea, Khet Bang Khae, Krung Thep Maha Nakhon 10160, Thailand",https://www.google.com/maps/place/?q=place_id:ChIJR8dIU-aX4jARfMokNow4FYA
Vintage 41 Matcha Bar,13.804335300000002,100.5850306,Matcha Cafe,Chatuchak,5.0,54,฿,"127/2 Soi Lat Phrao 41, Lane 6-2, Khwaeng Chan Kasem, Khet Chatuchak, Krung Thep Maha Nakhon 10900, Thailand",https://www.google.com/maps/place/?q=place_id:ChIJmRI-9z6d4jARHNTUAm_6Qkg
Frontyard Cafe ฟร้อนท์ยาร์ดคาเฟ่,13.8396191,100.5703702,Cafe,Bangkok,4.7,66,฿฿,"ลาดยาว, 49/4 Soi Than Phuying Phahon, Khwaeng Lat Yao, Khet Chatuchak, Krung Thep Maha Nakhon 10900, Thailand",https://www.google.com/maps/place/?q=place_id:ChIJBTsEXQCd4jARjxovuiEjl6s
Hidden leaf matcha (ทรงวาด),13.7367679,100.5098763,Matcha Cafe,Yaowarat,4.9,53,฿,"1488 Song Wat Rd, Khwaeng Samphanthawong, Khet Samphanthawong, Krung Thep Maha Nakhon 10100, Thailand",https://www.google.com/maps/place/?q=place_id:ChIJ-490iiCZ4jARW0gr0LPUlM8
Rocky Rooster Cafe,13.849001999999999,100.6697549,Cafe,Khan Na Yao,4.5,69,฿฿,"19 Soi Khu Bon 26, Khwaeng Ram Inthra, Khet Khan Na Yao, Krung Thep Maha Nakhon 10230, Thailand",https://www.google.com/maps/place/?q=place_id:ChIJH6KDm7Kf4jARg7tLufpAvJA
หวานละมุน Bake Studio,13.7061599,100.52650159999999,Bakery,Sathorn,4.6,63,฿฿,"95 Thanon Chan, Khwaeng Thung Wat Don, Khet Sathon, Krung Thep Maha Nakhon 10120, Thailand",https://www.google.com/maps/place/?q=place_id:ChIJH8Sz5S2f4jARbLlJiWjbFU8
Sha Teahouse,13.743910699999999,100.5459506,Cafe,Pathumwan,4.6,56,฿,"Gucci - Central Embassy 1031 Thanon Phloen Chit, Khwaeng Lumphini, Pathum Wan, Krung Thep Maha Nakhon 10330, Thailand",https://www.google.com/maps/place/?q=place_id:ChIJd4NsqWWf4jARNOs6_Dxs63A
